"string","subtitle_0","","","","",,,""
"string","subtitle_1","","","","",,,""
"string","subtitle_2","","","","",,,""
"string","subtitle_3","","","","",,,""
"string","subtitle_4","","","","",,,""
"string","subtitle_5","","","","",,,""
"string","subtitle_6","","","","",,,""
"string","subtitle_7","","","","",,,""
"string","subtitle_8","","","","",,,""
"string","subtitle_9","","","","",,,""
"string","subtitle_10","","","","",,,""
"string","subtitle_11","","","","",,,""
"string","subtitle_12","","","","",,,""
"string","subtitle_13","","","","",,,""
"string","subtitle_14","","","","",,,""
"string","subtitle_15","","","","",,,""
"string","subtitle_16","","","","",,,""
"string","subtitle_17","","","","",,,""
"string","subtitle_18","","","","",,,""
"string","subtitle_19","","","","",,,""
"string","subtitle_20","","","","",,,""
"string","subtitle_21","","","","",,,""
"string","subtitle_22","","","","",,,""
"string","subtitle_23","","","","",,,""
"string","subtitle_24","","","","",,,""
"string","subtitle_25","","","","",,,""
"string","subtitle_26","","","","",,,""
"string","subtitle_27","","","","",,,""
"string","subtitle_28","","","","",,,""
"string","subtitle_29","","","","",,,""
"string","subtitle_30","","","","",,,""
"string","subtitle_31","","","","",,,""
"string","subtitle_32","","","","",,,""
"string","subtitle_33","","","","",,,""
"string","subtitle_34","","","","",,,""
"string","subtitle_35","","","","",,,""
"string","subtitle_36","","","","",,,""
"string","subtitle_37","","","","",,,""
"string","subtitle_38","","","","",,,""
"string","subtitle_39","","","","",,,""
"string","subtitle_40","","","","",,,""
"string","subtitle_41","","","","",,,""
"string","subtitle_42","","","","",,,""
"string","subtitle_43","","","","",,,""
"string","subtitle_44","","","","",,,""
"string","subtitle_45","","","","",,,""
"string","subtitle_46","","","","",,,""
"string","subtitle_47","","","","",,,""
"string","subtitle_48","","","","",,,""
"string","subtitle_49","","","","",,,""
"string","subtitle_50","","","","",,,""
"string","subtitle_51","","","","",,,""
"string","subtitle_52","","","","",,,""
"string","subtitle_53","","","","",,,""
"string","subtitle_54","","","","",,,""
"string","subtitle_55","","","","",,,""
"string","subtitle_56","","","","",,,""
"string","subtitle_57","","","","",,,""
"string","subtitle_58","","","","",,,""
"string","subtitle_59","","","","",,,""
"string","subtitle_60","","","","",,,""
"string","subtitle_61","","","","",,,""
"string","subtitle_62","","","","",,,""
"string","subtitle_63","","","","",,,""
"string","subtitle_64","","","","",,,""
"string","subtitle_65","","","","",,,""
"string","subtitle_66","","","","",,,""
"string","subtitle_67","","","","",,,""
"string","subtitle_68","","","","",,,""
"string","subtitle_69","","","","",,,""
"string","subtitle_70","","","","",,,""
"string","subtitle_71","","","","",,,""
"string","subtitle_72","","","","",,,""
"string","subtitle_73","","","","",,,""
"string","subtitle_74","","","","",,,""
"string","subtitle_75","","","","",,,""
"string","subtitle_76","","","","",,,""
"string","subtitle_77","","","","",,,""
"string","subtitle_78","","","","",,,""
"string","subtitle_79","","","","",,,""
"string","subtitle_80","","","","",,,""
"string","subtitle_81","","","","",,,""
"string","subtitle_82","","","","",,,""
"string","subtitle_83","","","","",,,""
"string","subtitle_84","","","","",,,""
"string","subtitle_85","","","","",,,""
"string","subtitle_86","","","","",,,""
"string","subtitle_87","","","","",,,""
"string","subtitle_88","","","","",,,""
"string","subtitle_89","","","","",,,""
"string","subtitle_90","","","","",,,""
"string","subtitle_91","","","","",,,""
"string","subtitle_92","","","","",,,""
"string","subtitle_93","","","","",,,""
"string","subtitle_94","","","","",,,""
"string","subtitle_95","","","","",,,""
"string","subtitle_96","","","","",,,""
"string","subtitle_97","","","","",,,""
"string","subtitle_98","","","","",,,""
"string","subtitle_99","","","","",,,""
"string","subtitle_100","","","","",,,""
"string","subtitle_101","","","","",,,""
"string","subtitle_102","","","","",,,""
"string","subtitle_103","","","","",,,""
"string","subtitle_104","","","","",,,""
"string","subtitle_105","","","","",,,""
"string","subtitle_106","","","","",,,""
"string","subtitle_107","","","","",,,""
"string","subtitle_108","","","","",,,""
"string","subtitle_109","","","","",,,""
"string","subtitle_110","","","","",,,""
"string","subtitle_111","","","","",,,""
"string","subtitle_112","","","","",,,""
"string","subtitle_113","","","","",,,""
"string","subtitle_114","","","","",,,""
"string","subtitle_115","","","","",,,""
"string","subtitle_116","","","","",,,""
"string","subtitle_117","","","","",,,""
"string","subtitle_118","","","","",,,""
"string","subtitle_119","","","","",,,""
"string","subtitle_120","","","","",,,""
"string","subtitle_121","","","","",,,""
"string","subtitle_122","","","","",,,""
"string","subtitle_123","","","","",,,""
"string","subtitle_124","","","","",,,""
"string","subtitle_125","","","","",,,""
"string","subtitle_126","","","","",,,""
"string","subtitle_127","","","","",,,""
"string","subtitle_128","","","","",,,""
"string","subtitle_129","","","","",,,""
"string","subtitle_130","","","","",,,""
"string","subtitle_131","","","","",,,""
"string","subtitle_132","","","","",,,""
"string","subtitle_133","","","","",,,""
"string","subtitle_134","","","","",,,""
"string","subtitle_135","","","","",,,""
"string","subtitle_136","","","","",,,""
"string","subtitle_137","","","","",,,""
"string","subtitle_138","","","","",,,""
"string","subtitle_139","","","","",,,""
"string","subtitle_140","","","","",,,""
"string","subtitle_141","","","","",,,""
"string","subtitle_142","","","","",,,""
"string","subtitle_143","","","","",,,""
"string","subtitle_144","","","","",,,""
"string","subtitle_145","","","","",,,""
"string","subtitle_146","","","","",,,""
"string","subtitle_147","","","","",,,""
"string","subtitle_148","","","","",,,""
"string","subtitle_149","","","","",,,""
"string","subtitle_150","","","","",,,""
"string","subtitle_151","","","","",,,""
"string","subtitle_152","","","","",,,""
"string","subtitle_153","","","","",,,""
"string","subtitle_154","","","","",,,""
"string","subtitle_155","","","","",,,""
"string","subtitle_156","","","","",,,""
"string","subtitle_157","","","","",,,""
"string","subtitle_158","","","","",,,""
"string","subtitle_159","","","","",,,""
"string","subtitle_160","","","","",,,""
"string","subtitle_161","","","","",,,""
"string","subtitle_162","","","","",,,""
"string","subtitle_163","","","","",,,""
"string","subtitle_164","","","","",,,""
"string","subtitle_165","","","","",,,""
"string","subtitle_166","","","","",,,""
"string","subtitle_167","","","","",,,""
"string","subtitle_168","","","","",,,""
"string","subtitle_169","","","","",,,""
"string","subtitle_170","","","","",,,""
"string","subtitle_171","","","","",,,""
"string","subtitle_172","","","","",,,""
"string","subtitle_173","","","","",,,""
"string","subtitle_174","","","","",,,""
"string","subtitle_175","","","","",,,""
"string","subtitle_176","","","","",,,""
"string","subtitle_177","","","","",,,""
"string","subtitle_178","","","","",,,""
"string","subtitle_179","","","","",,,""
"string","subtitle_180","","","","",,,""
"string","subtitle_181","","","","",,,""
"string","subtitle_182","","","","",,,""
"string","subtitle_183","","","","",,,""
"string","subtitle_184","","","","",,,""
"string","subtitle_185","","","","",,,""
"string","subtitle_186","","","","",,,""
"string","subtitle_187","","","","",,,""
"string","subtitle_188","","","","",,,""
"string","subtitle_189","","","","",,,""
"string","subtitle_190","","","","",,,""
"string","subtitle_191","","","","",,,""
"string","subtitle_192","","","","",,,""
"string","subtitle_193","","","","",,,""
"string","subtitle_194","","","","",,,""
"string","subtitle_195","","","","",,,""
"string","subtitle_196","","","","",,,""
"string","subtitle_197","","","","",,,""
"string","subtitle_198","","","","",,,""
"string","subtitle_199","","","","",,,""
"string","subtitle_200","","","","",,,""
"string","subtitle_201","","","","",,,""
"string","subtitle_202","","","","",,,""
"string","subtitle_203","","","","",,,""
"string","subtitle_204","","","","",,,""
"string","subtitle_205","","","","",,,""
"string","subtitle_206","","","","",,,""
"string","subtitle_207","","","","",,,""
"string","subtitle_208","","","","",,,""
"string","subtitle_209","","","","",,,""
"string","subtitle_210","","","","",,,""
"string","subtitle_211","","","","",,,""
"string","subtitle_212","","","","",,,""
"string","subtitle_213","","","","",,,""
"string","subtitle_214","","","","",,,""
"string","subtitle_215","","","","",,,""
"string","subtitle_216","","","","",,,""
"string","subtitle_217","","","","",,,""
"string","subtitle_218","","","","",,,""
"string","subtitle_219","","","","",,,""
"string","subtitle_220","","","","",,,""
"string","subtitle_221","","","","",,,""
"string","subtitle_222","","","","",,,""
"string","subtitle_223","","","","",,,""
"string","subtitle_224","","","","",,,""
"string","subtitle_225","","","","",,,""
"string","subtitle_226","","","","",,,""
"string","subtitle_227","","","","",,,""
"string","subtitle_228","","","","",,,""
"string","subtitle_229","","","","",,,""
"string","subtitle_230","","","","",,,""
"string","subtitle_231","","","","",,,""
"string","subtitle_232","","","","",,,""
"string","subtitle_233","","","","",,,""
"string","subtitle_234","","","","",,,""
"string","subtitle_235","","","","",,,""
"string","subtitle_236","","","","",,,""
"string","subtitle_237","","","","",,,""
"string","subtitle_238","","","","",,,""
"string","subtitle_239","","","","",,,""
"string","subtitle_240","","","","",,,""
"string","subtitle_241","","","","",,,""
"string","subtitle_242","","","","",,,""
"string","subtitle_243","","","","",,,""
"string","subtitle_244","","","","",,,""
"string","subtitle_245","","","","",,,""
"string","subtitle_246","","","","",,,""
"string","subtitle_247","","","","",,,""
"string","subtitle_248","","","","",,,""
"string","subtitle_249","","","","",,,""
"string","subtitle_250","","","","",,,""
"string","subtitle_251","","","","",,,""
"string","subtitle_252","","","","",,,""
"string","subtitle_253","","","","",,,""
"string","subtitle_254","","","","",,,""
"string","subtitle_255","","","","",,,""
